number	value	datetime_start	datetime_complete	params_model.dropout_0	params_model.dropout_1	params_model.dropout_2	params_model.embedding_dim	params_model.relation_dim	params_optimizer.lr	params_training.batch_size	params_training.label_smoothing	user_attrs_avg.adjusted_mean_rank	user_attrs_avg.hits_at_1	user_attrs_avg.hits_at_10	user_attrs_avg.hits_at_3	user_attrs_avg.hits_at_5	user_attrs_avg.mean_rank	user_attrs_avg.mean_reciprocal_rank	user_attrs_best.hits_at_1	user_attrs_best.hits_at_10	user_attrs_best.hits_at_3	user_attrs_best.hits_at_5	user_attrs_best.mean_rank	user_attrs_best.mean_reciprocal_rank	user_attrs_random_seed	user_attrs_stopped_epoch	user_attrs_worst.hits_at_1	user_attrs_worst.hits_at_10	user_attrs_worst.hits_at_3	user_attrs_worst.hits_at_5	user_attrs_worst.mean_rank	user_attrs_worst.mean_reciprocal_rank	system_attrs__number	state
0	0.0950374531835206	2020-04-03 05:15:55.420480	2020-04-03 05:16:55.700707	0.18934803482236595	0.3653672639075396	0.14096505565558776	256	64	0.05639493271232813	512	0.6939291777340795	1.0030530978932501	0.008895131086142321	0.0950374531835206	0.02949438202247191	0.04728464419475655	48.28838951310861	0.051396666750701946	0.008895131086142321	0.0950374531835206	0.02949438202247191	0.04728464419475655	48.28838951310861	0.051396666750701946	55101321	200.0	0.008895131086142321	0.0950374531835206	0.02949438202247191	0.04728464419475655	48.28838951310861	0.051396666750701946	0	COMPLETE
1	0.9634831460674157	2020-04-03 05:16:55.757955	2020-04-03 05:17:45.980191	0.3197305646656988	0.33511754733233184	0.32270519787143814	64	128	0.004780448401117509	256	0.05078997871041331	0.06134381968517568	0.4887640449438202	0.9634831460674157	0.8080524344569289	0.9044943820224719	2.959737827715356	0.664076673892886	0.4887640449438202	0.9634831460674157	0.8080524344569289	0.9044943820224719	2.959737827715356	0.664076673892886	4069332725	400.0	0.4887640449438202	0.9634831460674157	0.8080524344569289	0.9044943820224719	2.959737827715356	0.664076673892886	1	COMPLETE
2	0.8656367041198502	2020-04-03 05:17:46.042828	2020-04-03 05:20:16.842622	0.3240126552562291	0.3410521972945217	0.42907445959529983	256	128	0.06452780668067494	512	0.008146653414587897	0.13375572020219367	0.40262172284644193	0.8656367041198502	0.6811797752808989	0.7631086142322098	6.520599250936329	0.5640968766087974	0.40262172284644193	0.8656367041198502	0.6811797752808989	0.7631086142322098	6.520599250936329	0.5640968766087974	3993344818	300.0	0.40262172284644193	0.8656367041198502	0.6811797752808989	0.7631086142322098	6.520599250936329	0.5640968766087974	2	COMPLETE
3	0.11376404494382023	2020-04-03 05:20:16.890397	2020-04-03 05:20:48.312356	0.3421313047712233	0.4953016359149806	0.3927131943518883	64	256	0.0601395833671203	128	0.42871760927983055	1.0116497493812933	0.01544943820224719	0.11376404494382023	0.037921348314606744	0.05805243445692884	48.87125468164794	0.058926615249932666	0.01544943820224719	0.11376404494382023	0.037921348314606744	0.05805243445692884	48.87125468164794	0.058926615249932666	1031475754	200.0	0.01544943820224719	0.11376404494382023	0.037921348314606744	0.05805243445692884	48.87125468164794	0.058926615249932666	3	COMPLETE
4	0.9204119850187266	2020-04-03 05:20:48.345939	2020-04-03 05:23:34.018841	0.3797397510693101	0.41560183217464375	0.1453078840218341	256	256	0.0023286793988223217	256	0.11641146697447344	0.09631833822330398	0.38857677902621723	0.9204119850187266	0.7045880149812734	0.8216292134831461	4.670411985018727	0.5709269108633829	0.38857677902621723	0.9204119850187266	0.7045880149812734	0.8216292134831461	4.670411985018727	0.5709269108633829	105358026	200.0	0.38857677902621723	0.9204119850187266	0.7045880149812734	0.8216292134831461	4.670411985018727	0.5709269108633829	4	COMPLETE
5	0.8670411985018727	2020-04-03 05:23:34.060437	2020-04-03 05:24:50.670107	0.21431831249264463	0.11108469139809261	0.10997503979053853	256	64	0.0010967056758489446	128	0.06807168869464633	0.12175610797804141	0.30290262172284643	0.8670411985018727	0.6090823970037453	0.7359550561797753	5.898408239700374	0.4919978326735645	0.30290262172284643	0.8670411985018727	0.6090823970037453	0.7359550561797753	5.898408239700374	0.4919978326735645	3142962191	250.0	0.30290262172284643	0.8670411985018727	0.6090823970037453	0.7359550561797753	5.898408239700374	0.4919978326735645	5	COMPLETE
6	0.9222846441947565	2020-04-03 05:24:50.720734	2020-04-03 05:25:40.246902	0.3938178581717052	0.18102951767728817	0.17054223598715704	128	64	0.0023863483902140403	128	0.39714446734676967	0.09408678006457534	0.3895131086142322	0.9222846441947565	0.697565543071161	0.8113295880149812	4.556647940074907	0.5702699350137397	0.3895131086142322	0.9222846441947565	0.697565543071161	0.8113295880149812	4.556647940074907	0.5702699350137397	2111282123	300.0	0.3895131086142322	0.9222846441947565	0.697565543071161	0.8113295880149812	4.556647940074907	0.5702699350137397	6	COMPLETE
7	0.8417602996254682	2020-04-03 05:25:40.301233	2020-04-03 05:26:17.882836	0.16670480105998242	0.2139462678116607	0.40032665332873935	128	128	0.019899481342530227	256	0.17570831656619398	0.14132979015770894	0.325374531835206	0.8417602996254682	0.5987827715355806	0.7111423220973783	6.870318352059925	0.4966320365777118	0.325374531835206	0.8417602996254682	0.5987827715355806	0.7111423220973783	6.870318352059925	0.4966320365777118	4181312472	200.0	0.325374531835206	0.8417602996254682	0.5987827715355806	0.7111423220973783	6.870318352059925	0.4966320365777118	7	COMPLETE
8	0.897003745318352	2020-04-03 05:26:17.918588	2020-04-03 05:27:51.687182	0.16677255910488853	0.38383687488345225	0.27620004583250635	256	64	0.0013686010022365953	128	0.3475327570285884	0.10814111896752195	0.3637640449438202	0.897003745318352	0.6694756554307116	0.7851123595505618	5.23876404494382	0.54445264251644	0.3637640449438202	0.897003745318352	0.6694756554307116	0.7851123595505618	5.23876404494382	0.54445264251644	534354527	300.0	0.3637640449438202	0.897003745318352	0.6694756554307116	0.7851123595505618	5.23876404494382	0.54445264251644	8	COMPLETE
9	0.9620786516853933	2020-04-03 05:27:51.732243	2020-04-03 05:28:50.677403	0.12921986780496267	0.40020545529641716	0.3218317866778188	64	256	0.001517140861276942	128	0.04116940871771104	0.06368318328735059	0.49719101123595505	0.9620786516853933	0.8192883895131086	0.899812734082397	3.073501872659176	0.6696285994611658	0.49719101123595505	0.9620786516853933	0.8192883895131086	0.899812734082397	3.073501872659176	0.6696285994611658	766553229	350.0	0.49719101123595505	0.9620786516853933	0.8192883895131086	0.899812734082397	3.073501872659176	0.6696285994611658	9	COMPLETE
10	0.8319288389513109	2020-04-03 05:28:50.725534	2020-04-03 05:30:27.724950	0.22738269489287555	0.15018529460496022	0.3422675706661381	256	128	0.0021826643448036452	128	0.33755058781969854	0.13874692328741656	0.29681647940074907	0.8319288389513109	0.5767790262172284	0.6933520599250936	6.703183520599251	0.47237288698936125	0.29681647940074907	0.8319288389513109	0.5767790262172284	0.6933520599250936	6.703183520599251	0.47237288698936125	3020973511	200.0	0.29681647940074907	0.8319288389513109	0.5767790262172284	0.6933520599250936	6.703183520599251	0.47237288698936125	10	COMPLETE
11	0.6423220973782772	2020-04-03 05:30:27.785517	2020-04-03 05:36:28.599656	0.21651055734633395	0.29354563276415785	0.3790423916950794	256	256	0.011365466421365062	128	0.0014636120951887009	0.2896198270116908	0.19288389513108614	0.6423220973782772	0.39419475655430714	0.49953183520599254	14.05243445692884	0.33754959200337065	0.19288389513108614	0.6423220973782772	0.39419475655430714	0.49953183520599254	14.05243445692884	0.33754959200337065	3658121527	400.0	0.19288389513108614	0.6423220973782772	0.39419475655430714	0.49953183520599254	14.05243445692884	0.33754959200337065	11	COMPLETE
12	0.9470973782771536	2020-04-03 05:36:28.642069	2020-04-03 05:38:34.717672	0.16428992589517444	0.3350836295413471	0.3040752006836226	64	64	0.001043477401540346	256	0.4400425730809248	0.07131734354881926	0.4400749063670412	0.9470973782771536	0.7565543071161048	0.8567415730337079	3.4433520599250937	0.6190564391119653	0.4400749063670412	0.9470973782771536	0.7565543071161048	0.8567415730337079	3.4433520599250937	0.6190564391119653	511000044		0.4400749063670412	0.9470973782771536	0.7565543071161048	0.8567415730337079	3.4433520599250937	0.6190564391119653	12	COMPLETE
13	0.9293071161048689	2020-04-03 05:38:34.761455	2020-04-03 05:39:05.823976	0.3191623412246835	0.21256068065091496	0.4229381620608186	128	64	0.010590111963390322	128	0.008803265298974102	0.08606794533539522	0.4302434456928839	0.9293071161048689	0.7345505617977528	0.8394194756554307	4.176029962546816	0.6041358398783544	0.4302434456928839	0.9293071161048689	0.7345505617977528	0.8394194756554307	4.176029962546816	0.6041358398783544	3669096093	200.0	0.4302434456928839	0.9293071161048689	0.7345505617977528	0.8394194756554307	4.176029962546816	0.6041358398783544	13	COMPLETE
14	0.950374531835206	2020-04-03 05:39:05.878446	2020-04-03 05:41:01.192595	0.33871608964206856	0.10179501845436274	0.3644254444754835	128	256	0.0024023651195859874	512	0.10437301085827812	0.07400927601437945	0.46769662921348315	0.950374531835206	0.7794943820224719	0.8815543071161048	3.580056179775281	0.6431922807900664	0.46769662921348315	0.950374531835206	0.7794943820224719	0.8815543071161048	3.580056179775281	0.6431922807900664	2580828204	350.0	0.46769662921348315	0.950374531835206	0.7794943820224719	0.8815543071161048	3.580056179775281	0.6431922807900664	14	COMPLETE
15	0.6624531835205992	2020-04-03 05:41:01.236493	2020-04-03 05:42:01.558327	0.15809777127721458	0.44862625203579465	0.2499634442406567	128	256	0.0651945551717548	128	0.009384957422591543	0.28849329967104065	0.21348314606741572	0.6624531835205992	0.4157303370786517	0.5276217228464419	14.059456928838951	0.3581372842207276	0.21348314606741572	0.6624531835205992	0.4157303370786517	0.5276217228464419	14.059456928838951	0.3581372842207276	1101131130	200.0	0.21348314606741572	0.6624531835205992	0.4157303370786517	0.5276217228464419	14.059456928838951	0.3581372842207276	15	COMPLETE
16	0.09784644194756555	2020-04-03 05:42:01.606526	2020-04-03 05:42:23.225349	0.41242012974661757	0.10963568211775576	0.345152474276887	64	256	0.0046875836643696725	128	0.7093733460707214	1.0037060764143837	0.00749063670411985	0.09784644194756555	0.026217228464419477	0.04681647940074907	48.47986891385768	0.04995652098424594	0.00749063670411985	0.09784644194756555	0.026217228464419477	0.04681647940074907	48.47986891385768	0.04995652098424594	1916315275	150.0	0.00749063670411985	0.09784644194756555	0.026217228464419477	0.04681647940074907	48.47986891385768	0.04995652098424594	16	COMPLETE
17	0.6278089887640449	2020-04-03 05:42:23.272068	2020-04-03 05:45:05.978059	0.2625319986206875	0.40181320106348684	0.17466446398458857	256	256	0.006192709364106441	128	0.0017059443752616777	0.29923536532474787	0.19101123595505617	0.6278089887640449	0.38295880149812733	0.4859550561797753	14.507022471910112	0.3341408295942257	0.19101123595505617	0.6278089887640449	0.38295880149812733	0.4859550561797753	14.507022471910112	0.3341408295942257	265776379	200.0	0.19101123595505617	0.6278089887640449	0.38295880149812733	0.4859550561797753	14.507022471910112	0.3341408295942257	17	COMPLETE
18	0.9466292134831461	2020-04-03 05:45:06.027658	2020-04-03 05:46:08.286590	0.3268055271216596	0.3395761845397934	0.4457934633667228	128	128	0.011198067410227623	512	0.27213434110190204	0.07479466432321831	0.43820224719101125	0.9466292134831461	0.7584269662921348	0.8632958801498127	3.6090823970037453	0.6183080421332069	0.43820224719101125	0.9466292134831461	0.7584269662921348	0.8632958801498127	3.6090823970037453	0.6183080421332069	4143508956	300.0	0.43820224719101125	0.9466292134831461	0.7584269662921348	0.8632958801498127	3.6090823970037453	0.6183080421332069	18	COMPLETE
19	0.5852059925093633	2020-04-03 05:46:08.331493	2020-04-03 05:48:14.553364	0.3067062897464259	0.2518022840184843	0.25495040470354946	256	128	0.03216107116778394	128	0.22274575878482689	0.3872503225058527	0.2055243445692884	0.5852059925093633	0.38342696629213485	0.4747191011235955	18.816479400749063	0.3338558679029492	0.2055243445692884	0.5852059925093633	0.38342696629213485	0.4747191011235955	18.816479400749063	0.3338558679029492	3001744315	250.0	0.2055243445692884	0.5852059925093633	0.38342696629213485	0.4747191011235955	18.816479400749063	0.3338558679029492	19	COMPLETE
20	0.9030898876404494	2020-04-03 05:48:14.600213	2020-04-03 05:48:48.251946	0.21433133282291858	0.24407878692317686	0.38478096590170213	64	128	0.01906380655117395	128	0.29866025293594534	0.10924875509684508	0.38857677902621723	0.9030898876404494	0.6928838951310862	0.8066479400749064	5.2982209737827715	0.566621710071375	0.38857677902621723	0.9030898876404494	0.6928838951310862	0.8066479400749064	5.2982209737827715	0.566621710071375	2061067210	250.0	0.38857677902621723	0.9030898876404494	0.6928838951310862	0.8066479400749064	5.2982209737827715	0.566621710071375	20	COMPLETE
21	0.7162921348314607	2020-04-03 05:48:48.301954	2020-04-03 05:49:28.751270	0.40228752308215604	0.10627839938674306	0.24946248510442645	128	128	0.035896281567137235	128	0.0010181637429428	0.2598250060026579	0.2631086142322097	0.7162921348314607	0.49297752808988765	0.5856741573033708	12.625936329588015	0.41532000524665724	0.2631086142322097	0.7162921348314607	0.49297752808988765	0.5856741573033708	12.625936329588015	0.41532000524665724	2020324032	200.0	0.2631086142322097	0.7162921348314607	0.49297752808988765	0.5856741573033708	12.625936329588015	0.41532000524665724	21	COMPLETE
22	0.602996254681648	2020-04-03 05:49:28.796608	2020-04-03 05:50:27.296152	0.18952871492018067	0.2965875444994765	0.2605302721606831	256	64	0.013056097623414094	128	0.03280321708275062	0.32458967791280746	0.1605805243445693	0.602996254681648	0.33941947565543074	0.45224719101123595	15.695224719101123	0.3012912957533391	0.1605805243445693	0.602996254681648	0.33941947565543074	0.45224719101123595	15.695224719101123	0.3012912957533391	4094584236	200.0	0.1605805243445693	0.602996254681648	0.33941947565543074	0.45224719101123595	15.695224719101123	0.3012912957533391	22	COMPLETE
23	0.9559925093632958	2020-04-03 05:50:27.335188	2020-04-03 05:51:24.488135	0.46209191488912965	0.43608604559448727	0.35985301353690446	64	128	0.0050913203603219145	128	0.004649678445635634	0.0658842305049356	0.45646067415730335	0.9559925093632958	0.776685393258427	0.8759363295880149	3.1769662921348316	0.6354697414630859	0.45646067415730335	0.9559925093632958	0.776685393258427	0.8759363295880149	3.1769662921348316	0.6354697414630859	170209	400.0	0.45646067415730335	0.9559925093632958	0.776685393258427	0.8759363295880149	3.1769662921348316	0.6354697414630859	23	COMPLETE
24	0.6853932584269663	2020-04-03 05:51:24.540764	2020-04-03 05:54:23.623244	0.4183432945690377	0.37253329764457443	0.18267742238852724	256	128	0.03212156665603926	512	0.41510525108683144	0.34137523037203577	0.26685393258426965	0.6853932584269663	0.5065543071161048	0.5880149812734082	16.64185393258427	0.4159497046959905	0.26685393258426965	0.6853932584269663	0.5065543071161048	0.5880149812734082	16.64185393258427	0.4159497046959905	1424851044	350.0	0.26685393258426965	0.6853932584269663	0.5065543071161048	0.5880149812734082	16.64185393258427	0.4159497046959905	24	COMPLETE
25	0.9644194756554307	2020-04-03 05:54:23.674314	2020-04-03 05:56:00.022416	0.4652855915168879	0.31732256886432886	0.18092586923213505	64	64	0.0013562852895021573	128	0.0825926887594325	0.06374403715049953	0.47752808988764045	0.9644194756554307	0.8019662921348315	0.8960674157303371	3.0758426966292136	0.656442629403074	0.47752808988764045	0.9644194756554307	0.8019662921348315	0.8960674157303371	3.0758426966292136	0.656442629403074	1866296002	700.0	0.47752808988764045	0.9644194756554307	0.8019662921348315	0.8960674157303371	3.0758426966292136	0.656442629403074	25	COMPLETE
26	0.175561797752809	2020-04-03 05:56:00.099906	2020-04-03 05:57:00.414241	0.3803731218438728	0.4847365521920176	0.32432759637645264	128	256	0.07069566612225593	128	0.04987851946458031	0.8567831981290578	0.021067415730337078	0.175561797752809	0.062265917602996254	0.10112359550561797	41.40262172284644	0.0802679845504924	0.021067415730337078	0.175561797752809	0.062265917602996254	0.10112359550561797	41.40262172284644	0.0802679845504924	1648266943	200.0	0.021067415730337078	0.175561797752809	0.062265917602996254	0.10112359550561797	41.40262172284644	0.0802679845504924	26	COMPLETE
27	0.920880149812734	2020-04-03 05:57:00.453363	2020-04-03 05:57:45.238271	0.28731485677627383	0.4820869464530988	0.2606505954005659	64	256	0.03029000388144922	256	0.02262716015007749	0.08852492501847585	0.39232209737827717	0.920880149812734	0.7116104868913857	0.8188202247191011	4.290262172284645	0.577585692236431	0.39232209737827717	0.920880149812734	0.7116104868913857	0.8188202247191011	4.290262172284645	0.577585692236431	3705656129	300.0	0.39232209737827717	0.920880149812734	0.7116104868913857	0.8188202247191011	4.290262172284645	0.577585692236431	27	COMPLETE
28	0.4845505617977528	2020-04-03 05:57:45.276865	2020-04-03 06:00:33.876894	0.18909127998617375	0.3335458181242431	0.14464032563559037	256	256	0.09832723028950108	512	0.020816162350644644	0.46133672953007765	0.13857677902621723	0.4845505617977528	0.26825842696629215	0.350187265917603	22.34737827715356	0.24978878683233385	0.13857677902621723	0.4845505617977528	0.26825842696629215	0.350187265917603	22.34737827715356	0.24978878683233385	2727028907	200.0	0.13857677902621723	0.4845505617977528	0.26825842696629215	0.350187265917603	22.34737827715356	0.24978878683233385	28	COMPLETE
29	0.9396067415730337	2020-04-03 06:00:33.925267	2020-04-03 06:04:10.717582	0.3016124278187063	0.2093974732745577	0.4090816276868042	256	256	0.0013053727635100687	256	0.0018190134861526621	0.07845835744539338	0.42696629213483145	0.9396067415730337	0.7532771535580525	0.8586142322097379	3.802434456928839	0.610835697609367	0.42696629213483145	0.9396067415730337	0.7532771535580525	0.8586142322097379	3.802434456928839	0.610835697609367	2570230574	250.0	0.42696629213483145	0.9396067415730337	0.7532771535580525	0.8586142322097379	3.802434456928839	0.610835697609367	29	COMPLETE
30	0.09410112359550561	2020-04-03 06:04:10.764616	2020-04-03 06:04:31.442895	0.12023911892045094	0.18101752118135203	0.2603936837600053	64	256	0.03989756253325578	512	0.9570430015648952	1.016345914904977	0.006554307116104869	0.09410112359550561	0.025749063670411985	0.04447565543071161	49.01357677902622	0.04841358371870686	0.006554307116104869	0.09410112359550561	0.025749063670411985	0.04447565543071161	49.01357677902622	0.04841358371870686	533941374	150.0	0.006554307116104869	0.09410112359550561	0.025749063670411985	0.04447565543071161	49.01357677902622	0.04841358371870686	30	COMPLETE
31	0.947565543071161	2020-04-03 06:04:31.499057	2020-04-03 06:05:31.292726	0.13045774634026489	0.14421946762300106	0.3967952202618278	128	128	0.001605225137000122	256	0.03575244875275173	0.07382055423100399	0.4779962546816479	0.947565543071161	0.773876404494382	0.8778089887640449	3.5758426966292136	0.6454723097350072	0.4779962546816479	0.947565543071161	0.773876404494382	0.8778089887640449	3.5758426966292136	0.6454723097350072	3236704136	300.0	0.4779962546816479	0.947565543071161	0.773876404494382	0.8778089887640449	3.5758426966292136	0.6454723097350072	31	COMPLETE
32	0.9335205992509363	2020-04-03 06:05:31.339512	2020-04-03 06:06:47.505403	0.18139892761719661	0.46474877944321674	0.2335368958850561	256	64	0.0012985685126101652	128	0.08640706463441512	0.0815089884770455	0.426498127340824	0.9335205992509363	0.74812734082397	0.8487827715355806	3.9452247191011236	0.6070146047342617	0.426498127340824	0.9335205992509363	0.74812734082397	0.8487827715355806	3.9452247191011236	0.6070146047342617	3987609519	250.0	0.426498127340824	0.9335205992509363	0.74812734082397	0.8487827715355806	3.9452247191011236	0.6070146047342617	32	COMPLETE
33	0.24625468164794007	2020-04-03 06:06:47.544356	2020-04-03 06:07:21.131847	0.3661873252836069	0.291213668995715	0.3469620797351681	64	128	0.04730623794573513	128	0.013104170391478868	0.7697605497608386	0.05290262172284644	0.24625468164794007	0.10159176029962547	0.14653558052434457	37.109550561797754	0.12097701063370245	0.05290262172284644	0.24625468164794007	0.10159176029962547	0.14653558052434457	37.109550561797754	0.12097701063370245	445216791	250.0	0.05290262172284644	0.24625468164794007	0.10159176029962547	0.14653558052434457	37.109550561797754	0.12097701063370245	33	COMPLETE
34	0.4190074906367041	2020-04-03 06:07:21.181859	2020-04-03 06:08:55.047172	0.245079701575792	0.10751162763486422	0.13308607023436148	256	128	0.020690338529377444	128	0.10961082542906057	0.5354557423486134	0.10346441947565543	0.4190074906367041	0.2308052434456929	0.299625468164794	25.97050561797753	0.20981178890522809	0.10346441947565543	0.4190074906367041	0.2308052434456929	0.299625468164794	25.97050561797753	0.20981178890522809	3787145961	200.0	0.10346441947565543	0.4190074906367041	0.2308052434456929	0.299625468164794	25.97050561797753	0.20981178890522809	34	COMPLETE
35	0.9630149812734082	2020-04-03 06:08:55.088543	2020-04-03 06:09:55.063879	0.1522817133347285	0.4250200537397138	0.2397452598184947	64	64	0.001766060563512624	128	0.0777705540159131	0.0637170301457302	0.4812734082397004	0.9630149812734082	0.8029026217228464	0.8979400749063671	3.074438202247191	0.6582113421941369	0.4812734082397004	0.9630149812734082	0.8029026217228464	0.8979400749063671	3.074438202247191	0.6582113421941369	2177772093	450.0	0.4812734082397004	0.9630149812734082	0.8029026217228464	0.8979400749063671	3.074438202247191	0.6582113421941369	35	COMPLETE
36	0.09644194756554307	2020-04-03 06:09:55.110304	2020-04-03 06:13:32.353909	0.4395911351003095	0.495937325141997	0.24364865749663234	256	256	0.002565625577700839	256	0.5219075435959721	1.0221771373987296	0.008426966292134831	0.09644194756554307	0.0299625468164794	0.050093632958801496	49.48876404494382	0.05182787636144646	0.008426966292134831	0.09644194756554307	0.0299625468164794	0.050093632958801496	49.48876404494382	0.05182787636144646	1913845501	250.0	0.008426966292134831	0.09644194756554307	0.0299625468164794	0.050093632958801496	49.48876404494382	0.05182787636144646	36	COMPLETE
37	0.10018726591760299	2020-04-03 06:13:32.393039	2020-04-03 06:14:14.240037	0.4717296318641687	0.2004229447242415	0.2896327580121875	128	256	0.0014571189108707279	512	0.9253404235973985	1.0192492026678714	0.006554307116104869	0.10018726591760299	0.027153558052434457	0.046348314606741575	49.19545880149813	0.04926292579366586	0.006554307116104869	0.10018726591760299	0.027153558052434457	0.046348314606741575	49.19522471910113	0.04926339868739718	3251787824	150.0	0.006554307116104869	0.10018726591760299	0.027153558052434457	0.046348314606741575	49.195692883895134	0.04926247346053155	37	COMPLETE
38	0.951310861423221	2020-04-03 06:14:14.286886	2020-04-03 06:15:04.110663	0.18515032608493853	0.23348016277949443	0.44903395774315147	128	128	0.006641623363082323	512	0.01819869740362822	0.07159990762196454	0.45646067415730335	0.951310861423221	0.7823033707865169	0.8810861423220974	3.459737827715356	0.6346289710379006	0.45646067415730335	0.951310861423221	0.7823033707865169	0.8810861423220974	3.459737827715356	0.6346289710379006	4003941087	250.0	0.45646067415730335	0.951310861423221	0.7823033707865169	0.8810861423220974	3.459737827715356	0.6346289710379006	38	COMPLETE
39	0.9606741573033708	2020-04-03 06:15:04.159936	2020-04-03 06:15:47.430884	0.4229895919150755	0.22711915138081162	0.37841229622235617	64	128	0.008876070821370699	256	0.0037924785455734473	0.06533698127552699	0.46863295880149813	0.9606741573033708	0.8043071161048689	0.9012172284644194	3.1474719101123596	0.6510953265780494	0.46863295880149813	0.9606741573033708	0.8043071161048689	0.9012172284644194	3.1474719101123596	0.6510953265780494	3223534604	350.0	0.46863295880149813	0.9606741573033708	0.8043071161048689	0.9012172284644194	3.1474719101123596	0.6510953265780494	39	COMPLETE
40	0.25749063670411987	2020-04-03 06:15:47.476871	2020-04-03 06:16:06.866437	0.4642817985841467	0.2155020650805644	0.1210316713948692	64	64	0.07836665004603174	512	0.06071100197249852	0.6760676225947306	0.047752808988764044	0.25749063670411987	0.10159176029962547	0.14559925093632958	32.460205992509366	0.12128240319917723	0.047752808988764044	0.25749063670411987	0.10159176029962547	0.14559925093632958	32.460205992509366	0.12128240319917723	898923506	200.0	0.047752808988764044	0.25749063670411987	0.10159176029962547	0.14559925093632958	32.460205992509366	0.12128240319917723	40	COMPLETE
41	0.9260299625468165	2020-04-03 06:16:06.906159	2020-04-03 06:18:12.411419	0.2649695535481607	0.1317036625826353	0.4412796719636907	256	128	0.001448843998532923	128	0.0109378043821728	0.09129620321471704	0.39091760299625467	0.9260299625468165	0.7088014981273408	0.8211610486891385	4.422752808988764	0.5755275667976001	0.39091760299625467	0.9260299625468165	0.7088014981273408	0.8211610486891385	4.422752808988764	0.5755275667976001	1645178725	250.0	0.39091760299625467	0.9260299625468165	0.7088014981273408	0.8211610486891385	4.422752808988764	0.5755275667976001	41	COMPLETE
42	0.952247191011236	2020-04-03 06:18:12.462178	2020-04-03 06:18:56.855868	0.31165275041703705	0.2735614037813506	0.3489725880691273	128	64	0.004656620177876758	256	0.13981302565371662	0.07327123000879497	0.4452247191011236	0.952247191011236	0.7682584269662921	0.8759363295880149	3.545880149812734	0.6251573550430585	0.4452247191011236	0.952247191011236	0.7682584269662921	0.8759363295880149	3.545880149812734	0.6251573550430585	3078880324	300.0	0.4452247191011236	0.952247191011236	0.7682584269662921	0.8759363295880149	3.545880149812734	0.6251573550430585	42	COMPLETE
43	0.08286516853932584	2020-04-03 06:18:56.902743	2020-04-03 06:20:10.534057	0.1116813435326256	0.4004886931131139	0.22075646452262343	256	128	0.006625967241481149	256	0.6779027338513891	1.0356664475391895	0.009831460674157303	0.08286516853932584	0.027153558052434457	0.05056179775280899	49.93539325842696	0.04942633300975888	0.009831460674157303	0.08286516853932584	0.027153558052434457	0.05056179775280899	49.93539325842696	0.04942633300975888	2787159650	150.0	0.009831460674157303	0.08286516853932584	0.027153558052434457	0.05056179775280899	49.93539325842696	0.04942633300975888	43	COMPLETE
44	0.699438202247191	2020-04-03 06:20:10.578845	2020-04-03 06:21:08.174288	0.12130849375002067	0.34979923666127605	0.15660173624125828	128	256	0.009838786878013435	128	0.05759062570722492	0.24262982988049894	0.21629213483146068	0.699438202247191	0.41807116104868913	0.5407303370786517	11.768960674157304	0.366905845703955	0.21629213483146068	0.699438202247191	0.41807116104868913	0.5407303370786517	11.7687265917603	0.36690631859768635	3947058270	200.0	0.21629213483146068	0.699438202247191	0.41807116104868913	0.5407303370786517	11.769194756554308	0.3669053933708208	44	COMPLETE
45	0.8740636704119851	2020-04-03 06:21:08.228091	2020-04-03 06:21:51.471886	0.4544739580888543	0.4729611958236844	0.21815828329881462	64	128	0.062071378883782856	256	0.011277233737629287	0.11572639193745114	0.3103932584269663	0.8740636704119851	0.6090823970037453	0.7387640449438202	5.62125468164794	0.49567504913444566	0.3103932584269663	0.8740636704119851	0.6090823970037453	0.7387640449438202	5.62125468164794	0.49567504913444566	293962821	350.0	0.3103932584269663	0.8740636704119851	0.6090823970037453	0.7387640449438202	5.62125468164794	0.49567504913444566	45	COMPLETE
46	0.9218164794007491	2020-04-03 06:21:51.520489	2020-04-03 06:22:39.332525	0.43387049598768934	0.23959771811134162	0.15023311010567064	128	128	0.0987438120818281	256	0.002788059605949565	0.08965550908428174	0.43164794007490637	0.9218164794007491	0.75187265917603	0.849250936329588	4.353932584269663	0.6100444422428419	0.43164794007490637	0.9218164794007491	0.75187265917603	0.849250936329588	4.353932584269663	0.6100444422428419	3008246749	250.0	0.43164794007490637	0.9218164794007491	0.75187265917603	0.849250936329588	4.353932584269663	0.6100444422428419	46	COMPLETE
47	0.9358614232209738	2020-04-03 06:22:39.379565	2020-04-03 06:23:51.130567	0.2055765989092636	0.16706853969717855	0.34637149969705827	64	64	0.007981142974674131	512	0.45422534766101935	0.07519656675780534	0.42602996254681647	0.9358614232209738	0.7397003745318352	0.8417602996254682	3.6329588014981273	0.6046342135115719	0.42602996254681647	0.9358614232209738	0.7397003745318352	0.8417602996254682	3.6329588014981273	0.6046342135115719	4091336480	650.0	0.42602996254681647	0.9358614232209738	0.7397003745318352	0.8417602996254682	3.6329588014981273	0.6046342135115719	47	COMPLETE
48	0.9634831460674157	2020-04-03 06:23:51.181593	2020-04-03 06:24:51.160925	0.2630334507542536	0.14050179317724218	0.2962613651653313	64	64	0.0014046373456420196	128	0.02305281227831082	0.06255633629115528	0.4845505617977528	0.9634831460674157	0.8155430711610487	0.9044943820224719	3.0135767790262173	0.6616161848936095	0.4845505617977528	0.9634831460674157	0.8155430711610487	0.9044943820224719	3.0135767790262173	0.6616161848936095	3075822169	450.0	0.4845505617977528	0.9634831460674157	0.8155430711610487	0.9044943820224719	3.0135767790262173	0.6616161848936095	48	COMPLETE
49	0.5529026217228464	2020-04-03 06:24:51.204999	2020-04-03 06:28:24.045034	0.29586420598309016	0.41799519618873215	0.29712066692294814	256	256	0.04942943596926137	128	0.12329133169507342	0.39832044253736204	0.23220973782771537	0.5529026217228464	0.3857677902621723	0.45739700374531833	19.362827715355806	0.34503647578549357	0.23220973782771537	0.5529026217228464	0.3857677902621723	0.45739700374531833	19.362827715355806	0.34503647578549357	4228109661	250.0	0.23220973782771537	0.5529026217228464	0.3857677902621723	0.45739700374531833	19.362827715355806	0.34503647578549357	49	COMPLETE
50	0.9531835205992509	2020-04-03 06:28:24.094891	2020-04-03 06:32:21.735861	0.41213759178552967	0.18458386980705754	0.3872173010627926	256	128	0.0011483116642642842	512	0.04065195866390297	0.07245135919909491	0.4592696629213483	0.9531835205992509	0.7860486891385767	0.87687265917603	3.5042134831460676	0.6397403756829773	0.4592696629213483	0.9531835205992509	0.7860486891385767	0.87687265917603	3.5042134831460676	0.6397403756829773	4154396376	450.0	0.4592696629213483	0.9531835205992509	0.7860486891385767	0.87687265917603	3.5042134831460676	0.6397403756829773	50	COMPLETE
51	0.9386704119850188	2020-04-03 06:32:21.780016	2020-04-03 06:33:39.971475	0.45174726374288054	0.3747335370278605	0.3135087598869432	256	64	0.006707543059846339	512	0.023305824073696524	0.07960720379027618	0.42602996254681647	0.9386704119850188	0.7420411985018727	0.8572097378277154	3.8487827715355807	0.6057258199328454	0.42602996254681647	0.9386704119850188	0.7420411985018727	0.8572097378277154	3.8487827715355807	0.6057258199328454	113874779	250.0	0.42602996254681647	0.9386704119850188	0.7420411985018727	0.8572097378277154	3.8487827715355807	0.6057258199328454	51	COMPLETE
52	0.9667602996254682	2020-04-03 06:33:40.019871	2020-04-03 06:34:54.383932	0.20960301302978937	0.3732857079689139	0.39127011344606005	64	256	0.00479355765126933	512	0.13109997079549626	0.0610159785566984	0.48408239700374533	0.9667602996254682	0.8099250936329588	0.9049625468164794	2.938202247191011	0.6609663040270523	0.48408239700374533	0.9667602996254682	0.8099250936329588	0.9049625468164794	2.938202247191011	0.6609663040270523	1299704650	500.0	0.48408239700374533	0.9667602996254682	0.8099250936329588	0.9049625468164794	2.938202247191011	0.6609663040270523	52	COMPLETE
53	0.10299625468164794	2020-04-03 06:34:54.461356	2020-04-03 06:35:44.650871	0.15365993839964226	0.2672146620138846	0.4940452842227264	64	128	0.0046260679814373006	256	0.5915796038662501	1.0081918385099577	0.008426966292134831	0.10299625468164794	0.025280898876404494	0.04915730337078652	48.764044943820224	0.050785975988560085	0.008426966292134831	0.10299625468164794	0.025280898876404494	0.04915730337078652	48.764044943820224	0.050785975988560085	3466496479	400.0	0.008426966292134831	0.10299625468164794	0.025280898876404494	0.04915730337078652	48.764044943820224	0.050785975988560085	53	COMPLETE
54	0.8534644194756554	2020-04-03 06:35:44.697369	2020-04-03 06:36:25.915577	0.15204977677263126	0.468358430671871	0.42812727320273164	64	128	0.024634342104928975	128	0.0015586311644453807	0.13773307405161053	0.32209737827715357	0.8534644194756554	0.5870786516853933	0.7322097378277154	6.678838951310861	0.49581060257602544	0.32209737827715357	0.8534644194756554	0.5870786516853933	0.7322097378277154	6.678838951310861	0.49581060257602544	2611724377	300.0	0.32209737827715357	0.8534644194756554	0.5870786516853933	0.7322097378277154	6.678838951310861	0.49581060257602544	54	COMPLETE
55	0.8525280898876404	2020-04-03 06:36:25.964297	2020-04-03 06:39:08.618097	0.3486534886331849	0.4084891954129055	0.1396726707045448	256	256	0.0021614194511236488	128	0.06335712073478214	0.1253598616824726	0.3258426966292135	0.8525280898876404	0.6184456928838952	0.7209737827715356	6.055711610486892	0.5022690252739569	0.3258426966292135	0.8525280898876404	0.6184456928838952	0.7209737827715356	6.055711610486892	0.5022690252739569	1878038215	200.0	0.3258426966292135	0.8525280898876404	0.6184456928838952	0.7209737827715356	6.055711610486892	0.5022690252739569	55	COMPLETE
56	0.9611423220973783	2020-04-03 06:39:08.667257	2020-04-03 06:40:37.766513	0.13928348021156234	0.4494862996918456	0.32828753565473257	64	64	0.0021319108435969157	256	0.22951798007266783	0.06412775215277734	0.4616104868913858	0.9611423220973783	0.8000936329588015	0.8951310861423221	3.1006554307116105	0.6449446486294194	0.4616104868913858	0.9611423220973783	0.8000936329588015	0.8951310861423221	3.1006554307116105	0.6449446486294194	2646039336	750.0	0.4616104868913858	0.9611423220973783	0.8000936329588015	0.8951310861423221	3.1006554307116105	0.6449446486294194	56	COMPLETE
57	0.9616104868913857	2020-04-03 06:40:37.817888	2020-04-03 06:41:56.755876	0.43264798274747013	0.19125186990026402	0.4841231686155942	64	256	0.002884562968519968	256	0.024144373959464744	0.06258070122359899	0.4803370786516854	0.9616104868913857	0.8099250936329588	0.9002808988764045	3.0201310861423223	0.6590842538088867	0.4803370786516854	0.9616104868913857	0.8099250936329588	0.9002808988764045	3.0201310861423223	0.6590842538088867	4155161863	500.0	0.4803370786516854	0.9616104868913857	0.8099250936329588	0.9002808988764045	3.0201310861423223	0.6590842538088867	57	COMPLETE
58	0.9190074906367042	2020-04-03 06:41:56.801227	2020-04-03 06:42:56.220587	0.4212600870675834	0.30770195853192833	0.4745387893830845	64	256	0.013313494799866252	128	0.00859601057074011	0.08788431008269641	0.35767790262172283	0.9190074906367042	0.6783707865168539	0.8057116104868914	4.254213483146067	0.5481160737226476	0.35767790262172283	0.9190074906367042	0.6783707865168539	0.8057116104868914	4.254213483146067	0.5481160737226476	1095610995	350.0	0.35767790262172283	0.9190074906367042	0.6783707865168539	0.8057116104868914	4.254213483146067	0.5481160737226476	58	COMPLETE
59	0.7537453183520599	2020-04-03 06:42:56.262520	2020-04-03 06:45:42.127251	0.2771471855308289	0.3283878372358505	0.36041885053984346	256	256	0.011001483852457493	256	0.001629061836424711	0.20554849631693703	0.25702247191011235	0.7537453183520599	0.5079588014981273	0.6151685393258427	9.99438202247191	0.41962404513866275	0.25702247191011235	0.7537453183520599	0.5079588014981273	0.6151685393258427	9.99438202247191	0.41962404513866275	4168969471	200.0	0.25702247191011235	0.7537453183520599	0.5079588014981273	0.6151685393258427	9.99438202247191	0.41962404513866275	59	COMPLETE
60	0.9377340823970037	2020-04-03 06:45:42.181025	2020-04-03 06:47:47.928921	0.4513283866528346	0.41491963112441965	0.49653299436434856	64	128	0.0017582352980459754	512	0.17558469927995812	0.07312779904479223	0.41760299625468167	0.9377340823970037	0.7223782771535581	0.8417602996254682	3.5308988764044944	0.5969460512641169	0.41760299625468167	0.9377340823970037	0.7223782771535581	0.8417602996254682	3.5308988764044944	0.5969460512641169	522775876	1000.0	0.41760299625468167	0.9377340823970037	0.7223782771535581	0.8417602996254682	3.5308988764044944	0.5969460512641169	60	COMPLETE
61	0.8544007490636704	2020-04-03 06:47:47.978319	2020-04-03 06:49:08.072465	0.24028282773513024	0.45989774381933307	0.2827325552539291	128	256	0.037395767249340454	512	0.009070249406993561	0.14294018349453305	0.3684456928838951	0.8544007490636704	0.6413857677902621	0.7425093632958801	6.926498127340824	0.5347609278835407	0.3684456928838951	0.8544007490636704	0.6413857677902621	0.7425093632958801	6.926498127340824	0.5347609278835407	689119544	250.0	0.3684456928838951	0.8544007490636704	0.6413857677902621	0.7425093632958801	6.926498127340824	0.5347609278835407	61	COMPLETE
62	0.9489700374531835	2020-04-03 06:49:08.120620	2020-04-03 06:50:00.787334	0.38328749167356835	0.319166834022639	0.2676590753362293	128	128	0.004162270731019836	128	0.0012256788941711744	0.0760313463109556	0.4438202247191011	0.9489700374531835	0.7626404494382022	0.8698501872659176	3.6797752808988764	0.6229774477580253	0.4438202247191011	0.9489700374531835	0.7626404494382022	0.8698501872659176	3.6797752808988764	0.6229774477580253	15963736	250.0	0.4438202247191011	0.9489700374531835	0.7626404494382022	0.8698501872659176	3.6797752808988764	0.6229774477580253	62	COMPLETE
63	0.9658239700374532	2020-04-03 06:50:00.840698	2020-04-03 06:51:31.773363	0.4254402282028699	0.2746251487524317	0.3212027205332157	64	256	0.003491613604864998	512	0.023179528063622733	0.05968469654101781	0.5037453183520599	0.9658239700374532	0.8183520599250936	0.9096441947565543	2.879681647940075	0.6748177342292221	0.5037453183520599	0.9658239700374532	0.8183520599250936	0.9096441947565543	2.879681647940075	0.6748177342292221	4148965353	600.0	0.5037453183520599	0.9658239700374532	0.8183520599250936	0.9096441947565543	2.879681647940075	0.6748177342292221	63	COMPLETE
64	0.9667602996254682	2020-04-03 06:51:31.829908	2020-04-03 06:52:39.384777	0.3601691196835183	0.21547172854585261	0.2961330226518168	64	64	0.002627303960027473	128	0.016492296710464472	0.06162438652049122	0.46769662921348315	0.9667602996254682	0.8052434456928839	0.897003745318352	2.9700374531835205	0.6512920944930164	0.46769662921348315	0.9667602996254682	0.8052434456928839	0.897003745318352	2.9700374531835205	0.6512920944930164	1949012979	500.0	0.46769662921348315	0.9667602996254682	0.8052434456928839	0.897003745318352	2.9700374531835205	0.6512920944930164	64	COMPLETE
65	0.8366104868913857	2020-04-03 06:52:39.434071	2020-04-03 06:53:41.642331	0.18429299651195952	0.22145535112918738	0.18178828873470898	128	256	0.008686325849257869	512	0.025028000905653464	0.1402051044446643	0.301498127340824	0.8366104868913857	0.572565543071161	0.6933520599250936	6.788857677902621	0.474674944489861	0.301498127340824	0.8366104868913857	0.572565543071161	0.6933520599250936	6.788857677902621	0.474674944489861	3242770366	200.0	0.301498127340824	0.8366104868913857	0.572565543071161	0.6933520599250936	6.788857677902621	0.474674944489861	65	COMPLETE
66	0.2345505617977528	2020-04-03 06:53:41.689865	2020-04-03 06:54:31.822170	0.20294285164750403	0.42945573032263135	0.2645618251744902	64	256	0.0701597537914461	128	0.34702442759781094	0.845566464515668	0.06132958801498127	0.2345505617977528	0.11282771535580524	0.15121722846441948	40.875	0.12283626741745346	0.06132958801498127	0.2345505617977528	0.11282771535580524	0.15121722846441948	40.875	0.12283626741745346	3513062361	300.0	0.06132958801498127	0.2345505617977528	0.11282771535580524	0.15121722846441948	40.875	0.12283626741745346	66	COMPLETE
67	0.9550561797752809	2020-04-03 06:54:31.871051	2020-04-03 06:55:08.855527	0.39354084247693605	0.15467149851628462	0.385264962546614	128	64	0.006906916970564825	256	0.0010057888052330852	0.07256505658679156	0.45365168539325845	0.9550561797752809	0.7776217228464419	0.8764044943820225	3.5149812734082397	0.6316002665674881	0.45365168539325845	0.9550561797752809	0.7776217228464419	0.8764044943820225	3.5149812734082397	0.6316002665674881	2828540895	250.0	0.45365168539325845	0.9550561797752809	0.7776217228464419	0.8764044943820225	3.5149812734082397	0.6316002665674881	67	COMPLETE
68	0.75187265917603	2020-04-03 06:55:08.902351	2020-04-03 06:56:53.914803	0.37527429453764904	0.4327542814063554	0.2632584747200117	256	128	0.016716761892081346	256	0.0022239083054224422	0.21360042710502525	0.25795880149812733	0.75187265917603	0.5098314606741573	0.6132958801498127	10.39559925093633	0.4184923202518981	0.25795880149812733	0.75187265917603	0.5098314606741573	0.6132958801498127	10.39559925093633	0.4184923202518981	3701830201	200.0	0.25795880149812733	0.75187265917603	0.5098314606741573	0.6132958801498127	10.39559925093633	0.4184923202518981	68	COMPLETE
69	0.9044943820224719	2020-04-03 06:56:53.961641	2020-04-03 06:57:55.125189	0.21281307902453578	0.35647017440100615	0.29021912679834183	256	64	0.004583009747791376	256	0.006899167754272912	0.10277068112934992	0.35346441947565543	0.9044943820224719	0.6554307116104869	0.7790262172284644	4.968164794007491	0.5370336160049402	0.35346441947565543	0.9044943820224719	0.6554307116104869	0.7790262172284644	4.968164794007491	0.5370336160049402	2210965305	200.0	0.35346441947565543	0.9044943820224719	0.6554307116104869	0.7790262172284644	4.968164794007491	0.5370336160049402	69	COMPLETE
70	0.5135767790262172	2020-04-03 06:57:55.177499	2020-04-03 07:00:40.768286	0.1778308165875831	0.15465672284862686	0.28429869714840544	256	256	0.012798802139549854	256	0.04951579943806588	0.4182864143190494	0.13389513108614232	0.5135767790262172	0.26779026217228463	0.37312734082397003	20.279962546816478	0.2536510685784566	0.13389513108614232	0.5135767790262172	0.26779026217228463	0.37312734082397003	20.279962546816478	0.2536510685784566	1164050808	200.0	0.13389513108614232	0.5135767790262172	0.26779026217228463	0.37312734082397003	20.279962546816478	0.2536510685784566	70	COMPLETE
71	0.7752808988764045	2020-04-03 07:00:40.824545	2020-04-03 07:01:56.767626	0.2637258900140494	0.3936572227406969	0.23288122056413246	128	256	0.047585626441334405	256	0.010085076104301519	0.19915472615199784	0.31086142322097376	0.7752808988764045	0.5416666666666666	0.6479400749063671	9.748595505617978	0.46503788910925287	0.31086142322097376	0.7752808988764045	0.5416666666666666	0.6479400749063671	9.748595505617978	0.46503788910925287	4160763693	250.0	0.31086142322097376	0.7752808988764045	0.5416666666666666	0.6479400749063671	9.748595505617978	0.46503788910925287	71	COMPLETE
72	0.9653558052434457	2020-04-03 07:01:56.820750	2020-04-03 07:03:03.992363	0.33727749007011276	0.19799194814295673	0.4876702572491465	64	256	0.010223784883384424	512	0.04788602992135902	0.06423862475364675	0.4779962546816479	0.9653558052434457	0.8108614232209738	0.8941947565543071	3.0917602996254683	0.6565813524308693	0.4779962546816479	0.9653558052434457	0.8108614232209738	0.8941947565543071	3.0917602996254683	0.6565813524308693	1264709867	450.0	0.4779962546816479	0.9653558052434457	0.8108614232209738	0.8941947565543071	3.0917602996254683	0.6565813524308693	72	COMPLETE
73	0.899812734082397	2020-04-03 07:03:04.050125	2020-04-03 07:04:17.801651	0.281696871938279	0.19147146464123216	0.49467230896904996	128	128	0.015073456915991403	512	0.45647909885713406	0.10587004721530954	0.37687265917602997	0.899812734082397	0.6807116104868914	0.7879213483146067	5.09878277153558	0.5545655283465006	0.37687265917602997	0.899812734082397	0.6807116104868914	0.7879213483146067	5.09878277153558	0.5545655283465006	1884201401	350.0	0.37687265917602997	0.899812734082397	0.6807116104868914	0.7879213483146067	5.09878277153558	0.5545655283465006	73	COMPLETE
74	0.8295880149812734	2020-04-03 07:04:17.866449	2020-04-03 07:04:48.973252	0.293800507484916	0.13192540640322056	0.27048591594102817	64	64	0.03771148544078919	128	0.0026299333573109244	0.14565704036626115	0.3366104868913858	0.8295880149812734	0.6100187265917603	0.7205056179775281	7.086142322097379	0.5057071239057331	0.3366104868913858	0.8295880149812734	0.6100187265917603	0.7205056179775281	7.086142322097379	0.5057071239057331	1499393992	250.0	0.3366104868913858	0.8295880149812734	0.6100187265917603	0.7205056179775281	7.086142322097379	0.5057071239057331	74	COMPLETE
75	0.9648876404494382	2020-04-03 07:04:49.025076	2020-04-03 07:05:46.331823	0.1505671792397529	0.46048263574713877	0.2733703057814586	64	128	0.002103356760978584	128	0.006001395260488337	0.06183335846743445	0.48267790262172283	0.9648876404494382	0.8136704119850188	0.8979400749063671	2.9798689138576777	0.661831162968049	0.48267790262172283	0.9648876404494382	0.8136704119850188	0.8979400749063671	2.9798689138576777	0.661831162968049	419839940	400.0	0.48267790262172283	0.9648876404494382	0.8136704119850188	0.8979400749063671	2.9798689138576777	0.661831162968049	75	COMPLETE
76	0.9143258426966292	2020-04-03 07:05:46.385547	2020-04-03 07:07:23.666728	0.1762975862907663	0.1516574641673373	0.17452127621566846	128	256	0.00172588164636875	512	0.0034558829745663924	0.08946123050721118	0.3951310861423221	0.9143258426966292	0.7045880149812734	0.8150749063670412	4.333333333333333	0.5739551467184556	0.3951310861423221	0.9143258426966292	0.7045880149812734	0.8150749063670412	4.333333333333333	0.5739551467184556	2901555165	300.0	0.3951310861423221	0.9143258426966292	0.7045880149812734	0.8150749063670412	4.333333333333333	0.5739551467184556	76	COMPLETE
77	0.5735018726591761	2020-04-03 07:07:23.710451	2020-04-03 07:08:57.268080	0.18006957426426973	0.2433285904472546	0.2986997007220586	256	128	0.007438711309460224	128	0.23549975985955063	0.35929363523609936	0.16807116104868913	0.5735018726591761	0.3342696629213483	0.426498127340824	17.35674157303371	0.29689032384853337	0.16807116104868913	0.5735018726591761	0.3342696629213483	0.426498127340824	17.35674157303371	0.29689032384853337	1518364087	200.0	0.16807116104868913	0.5735018726591761	0.3342696629213483	0.426498127340824	17.35674157303371	0.29689032384853337	77	COMPLETE
78	0.0997191011235955	2020-04-03 07:08:57.320664	2020-04-03 07:09:11.692508	0.3067818571208945	0.4440996209591991	0.34430328562912216	64	64	0.009032758300428026	256	0.9875044189483616	1.0163012157579752	0.00749063670411985	0.0997191011235955	0.026685393258426966	0.05196629213483146	49.09503745318352	0.05078723504904801	0.00749063670411985	0.0997191011235955	0.026685393258426966	0.05196629213483146	49.09503745318352	0.05078723504904801	1760122617	150.0	0.00749063670411985	0.0997191011235955	0.026685393258426966	0.05196629213483146	49.09503745318352	0.05078723504904801	78	COMPLETE
79	0.9545880149812734	2020-04-03 07:09:11.743521	2020-04-03 07:10:29.489584	0.4397845953555714	0.44685121817542517	0.23317227061652446	64	256	0.00737911072774501	128	0.25169910397572975	0.06972770063879756	0.45646067415730335	0.9545880149812734	0.7729400749063671	0.8689138576779026	3.3590823970037453	0.6338620089064038	0.45646067415730335	0.9545880149812734	0.7729400749063671	0.8689138576779026	3.3590823970037453	0.6338620089064038	182559004	450.0	0.45646067415730335	0.9545880149812734	0.7729400749063671	0.8689138576779026	3.3590823970037453	0.6338620089064038	79	COMPLETE
80	0.8445692883895131	2020-04-03 07:10:29.532894	2020-04-03 07:11:29.769915	0.3391698550361868	0.32786688391749386	0.30776175169544473	128	256	0.018941966919522494	128	0.017124082838417515	0.14853356643109006	0.3703183520599251	0.8445692883895131	0.6493445692883895	0.7584269662921348	7.25187265917603	0.5365000204843842	0.3703183520599251	0.8445692883895131	0.6493445692883895	0.7584269662921348	7.25187265917603	0.5365000204843842	891783447	200.0	0.3703183520599251	0.8445692883895131	0.6493445692883895	0.7584269662921348	7.25187265917603	0.5365000204843842	80	COMPLETE
81	0.11423220973782772	2020-04-03 07:11:29.811993	2020-04-03 07:11:58.457228	0.2214089329057798	0.20553260275578855	0.24714144921338055	128	128	0.0968177133134923	128	0.0021937712748333854	0.9732859509418045	0.010767790262172285	0.11423220973782772	0.03604868913857678	0.05852059925093633	46.89700374531835	0.05646971848099149	0.010767790262172285	0.11423220973782772	0.03604868913857678	0.05852059925093633	46.89700374531835	0.05646971848099149	1371064913	150.0	0.010767790262172285	0.11423220973782772	0.03604868913857678	0.05852059925093633	46.89700374531835	0.05646971848099149	81	COMPLETE
82	0.10955056179775281	2020-04-03 07:11:58.526358	2020-04-03 07:12:55.976774	0.47271960132294066	0.18676513539100148	0.13604969419437354	64	128	0.0020278904882000456	128	0.7253251012576087	1.0068634360451392	0.008426966292134831	0.10955056179775281	0.02949438202247191	0.054307116104868915	48.6502808988764	0.052612789056267165	0.008426966292134831	0.10955056179775281	0.02949438202247191	0.054307116104868915	48.6502808988764	0.052612789056267165	3149535592	400.0	0.008426966292134831	0.10955056179775281	0.02949438202247191	0.054307116104868915	48.6502808988764	0.052612789056267165	82	COMPLETE
83	0.9358614232209738	2020-04-03 07:12:56.025379	2020-04-03 07:14:03.149448	0.3805471320106368	0.2192366716401252	0.18902637713400097	64	256	0.06775966232610693	512	0.003528097567271092	0.0878266289870321	0.42181647940074907	0.9358614232209738	0.7476591760299626	0.8548689138576779	4.26685393258427	0.603960623403785	0.42181647940074907	0.9358614232209738	0.7476591760299626	0.8548689138576779	4.26685393258427	0.603960623403785	617577760	450.0	0.42181647940074907	0.9358614232209738	0.7476591760299626	0.8548689138576779	4.26685393258427	0.603960623403785	83	COMPLETE
84	0.09176029962546817	2020-04-03 07:14:03.205075	2020-04-03 07:14:31.825246	0.17501587521177792	0.3241764383468077	0.24038366413273168	128	128	0.0017380373329683608	128	0.5002527195873312	1.0215647018136116	0.008895131086142321	0.09176029962546817	0.02902621722846442	0.04400749063670412	49.35065543071161	0.049832129796742904	0.008895131086142321	0.09176029962546817	0.02902621722846442	0.04400749063670412	49.35065543071161	0.049832129796742904	2918227244	150.0	0.008895131086142321	0.09176029962546817	0.02902621722846442	0.04400749063670412	49.35065543071161	0.049832129796742904	84	COMPLETE
85	0.13155430711610486	2020-04-03 07:14:31.881840	2020-04-03 07:16:09.141266	0.22726333441909607	0.4916651485006871	0.39775518095320883	256	64	0.07814238771323237	256	0.008981068127225671	0.9070259989361359	0.015917602996254682	0.13155430711610486	0.0449438202247191	0.062265917602996254	43.86189138576779	0.06610676044155926	0.015917602996254682	0.13155430711610486	0.0449438202247191	0.062265917602996254	43.86189138576779	0.06610676044155926	3616375509	300.0	0.015917602996254682	0.13155430711610486	0.0449438202247191	0.062265917602996254	43.86189138576779	0.06610676044155926	85	COMPLETE
86	0.9583333333333334	2020-04-03 07:16:09.192472	2020-04-03 07:17:17.732538	0.3549855809721889	0.49787572580010725	0.3200510909149316	64	256	0.007988135488267397	128	0.006509032750876136	0.06551434367909079	0.45786516853932585	0.9583333333333334	0.7794943820224719	0.8829588014981273	3.1605805243445695	0.6390188804858493	0.45786516853932585	0.9583333333333334	0.7794943820224719	0.8829588014981273	3.1605805243445695	0.6390188804858493	2686582990	400.0	0.45786516853932585	0.9583333333333334	0.7794943820224719	0.8829588014981273	3.1605805243445695	0.6390188804858493	86	COMPLETE
87	0.9489700374531835	2020-04-03 07:17:17.775711	2020-04-03 07:18:15.263397	0.4974250232494001	0.4897132177631523	0.18673540623762494	64	128	0.0023165044410955677	256	0.0012220324774033504	0.06912885050285844	0.45552434456928836	0.9489700374531835	0.7780898876404494	0.8717228464419475	3.3384831460674156	0.6357489198135597	0.45552434456928836	0.9489700374531835	0.7780898876404494	0.8717228464419475	3.3384831460674156	0.6357489198135597	302777528	450.0	0.45552434456928836	0.9489700374531835	0.7780898876404494	0.8717228464419475	3.3384831460674156	0.6357489198135597	87	COMPLETE
88	0.7780898876404494	2020-04-03 07:18:15.306233	2020-04-03 07:19:17.347482	0.1914240122502993	0.3469577587205423	0.1501237161971735	128	256	0.01568582359295027	512	0.09565963753422961	0.19331297270730416	0.2897940074906367	0.7780898876404494	0.5341760299625468	0.6441947565543071	9.419007490636703	0.44936383908218364	0.2897940074906367	0.7780898876404494	0.5341760299625468	0.6441947565543071	9.419007490636703	0.44936383908218364	1493725513	200.0	0.2897940074906367	0.7780898876404494	0.5341760299625468	0.6441947565543071	9.419007490636703	0.44936383908218364	88	COMPLETE
89	0.9634831460674157	2020-04-03 07:19:17.402603	2020-04-03 07:20:40.542837	0.4465324948511625	0.22725725954160328	0.3015696571977442	64	256	0.0021569318651578273	512	0.016088616644469755	0.06382874525867208	0.4803370786516854	0.9634831460674157	0.8052434456928839	0.9063670411985019	3.0805243445692883	0.6590851933365484	0.4803370786516854	0.9634831460674157	0.8052434456928839	0.9063670411985019	3.0805243445692883	0.6590851933365484	1679132605	550.0	0.4803370786516854	0.9634831460674157	0.8052434456928839	0.9063670411985019	3.0805243445692883	0.6590851933365484	89	COMPLETE
90	0.9639513108614233	2020-04-03 07:20:40.593902	2020-04-03 07:21:57.265086	0.24031818549547254	0.24624100693872975	0.45267081384516744	128	128	0.0013817652784770527	128	0.007307363386679547	0.06650331419236846	0.4812734082397004	0.9639513108614233	0.8033707865168539	0.8974719101123596	3.207865168539326	0.658345213671942	0.4812734082397004	0.9639513108614233	0.8033707865168539	0.8974719101123596	3.207865168539326	0.658345213671942	946860361	350.0	0.4812734082397004	0.9639513108614233	0.8033707865168539	0.8974719101123596	3.207865168539326	0.658345213671942	90	COMPLETE
91	0.11095505617977527	2020-04-03 07:21:57.321502	2020-04-03 07:22:24.585270	0.1753956092691007	0.4874341094029024	0.2712896097361255	64	256	0.03408580379109323	512	0.6428339469621159	0.9874058436150646	0.009363295880149813	0.11095505617977527	0.02855805243445693	0.052434456928838954	47.58941947565543	0.05304893544418662	0.009363295880149813	0.11095505617977527	0.02855805243445693	0.052434456928838954	47.58941947565543	0.05304893544418662	2392569129	200.0	0.009363295880149813	0.11095505617977527	0.02855805243445693	0.052434456928838954	47.58941947565543	0.05304893544418662	91	COMPLETE
92	0.09878277153558053	2020-04-03 07:22:24.627658	2020-04-03 07:22:50.571465	0.4232248975466938	0.3063297147754134	0.40816947910644713	64	128	0.004292531610253152	128	0.6374167352174409	1.0153898964906356	0.009363295880149813	0.09878277153558053	0.02762172284644195	0.04588014981273408	49.000936329588015	0.05121742389150927	0.009363295880149813	0.09878277153558053	0.02762172284644195	0.04588014981273408	49.000936329588015	0.05121742389150927	1382150625	200.0	0.009363295880149813	0.09878277153558053	0.02762172284644195	0.04588014981273408	49.000936329588015	0.05121742389150927	92	COMPLETE
93	0.0997191011235955	2020-04-03 07:22:50.614788	2020-04-03 07:23:10.671322	0.12361842961258414	0.18789094365697198	0.2320272796167022	128	64	0.003262836737141667	512	0.6306652866372054	1.0090910901135872	0.012172284644194757	0.0997191011235955	0.03089887640449438	0.04681647940074907	48.734550561797754	0.053765539231929366	0.012172284644194757	0.0997191011235955	0.03089887640449438	0.04681647940074907	48.734550561797754	0.053765539231929366	1817793056	150.0	0.012172284644194757	0.0997191011235955	0.03089887640449438	0.04681647940074907	48.734550561797754	0.053765539231929366	93	COMPLETE
94	0.6132958801498127	2020-04-03 07:23:10.723856	2020-04-03 07:25:56.109330	0.16264772778118017	0.35348390037587785	0.4831824336946338	256	256	0.044884092393315915	256	0.007735294752478997	0.3251697093768094	0.1793071161048689	0.6132958801498127	0.38202247191011235	0.48220973782771537	15.868445692883896	0.32348309866612457	0.1793071161048689	0.6132958801498127	0.38202247191011235	0.48220973782771537	15.868445692883896	0.32348309866612457	40852450	200.0	0.1793071161048689	0.6132958801498127	0.38202247191011235	0.48220973782771537	15.868445692883896	0.32348309866612457	94	COMPLETE
95	0.8792134831460674	2020-04-03 07:25:56.152219	2020-04-03 07:26:34.100270	0.22590671827231323	0.32244254624335206	0.2693931696284927	128	128	0.011577488457180254	256	0.10099494315297042	0.11572503108942832	0.3506554307116105	0.8792134831460674	0.6521535580524345	0.7626404494382022	5.609550561797753	0.5300106390739483	0.3506554307116105	0.8792134831460674	0.6521535580524345	0.7626404494382022	5.609550561797753	0.5300106390739483	3181061044	200.0	0.3506554307116105	0.8792134831460674	0.6521535580524345	0.7626404494382022	5.609550561797753	0.5300106390739483	95	COMPLETE
96	0.10486891385767791	2020-04-03 07:26:34.152894	2020-04-03 07:28:31.668647	0.25474217840509533	0.41631337272210056	0.3904747342906755	256	256	0.06786269772424687	512	0.7249941085870919	0.9909781449411609	0.00749063670411985	0.10486891385767791	0.028089887640449437	0.05056179775280899	47.87172284644195	0.051916347073487246	0.00749063670411985	0.10486891385767791	0.028089887640449437	0.05056179775280899	47.87172284644195	0.051916347073487246	451503348	150.0	0.00749063670411985	0.10486891385767791	0.028089887640449437	0.05056179775280899	47.87172284644195	0.051916347073487246	96	COMPLETE
97	0.0852059925093633	2020-04-03 07:28:31.718002	2020-04-03 07:29:14.637799	0.21732993923695518	0.1318651783095904	0.20798388914515453	256	64	0.0025865180733201944	256	0.8108813676342715	1.038752510257707	0.0046816479400749065	0.0852059925093633	0.020599250936329586	0.042134831460674156	50.13061797752809	0.04527046415118096	0.0046816479400749065	0.0852059925093633	0.020599250936329586	0.042134831460674156	50.13061797752809	0.04527046415118096	3734580432	150.0	0.0046816479400749065	0.0852059925093633	0.020599250936329586	0.042134831460674156	50.13061797752809	0.04527046415118096	97	COMPLETE
98	0.4349250936329588	2020-04-03 07:29:14.687211	2020-04-03 07:30:13.397531	0.14999270782255994	0.3571915039949385	0.10062601025210847	256	64	0.010277253917048429	128	0.1047144050243286	0.490074331480626	0.10908239700374532	0.4349250936329588	0.21910112359550563	0.301498127340824	23.72425093632959	0.21477697748433813	0.10908239700374532	0.4349250936329588	0.21910112359550563	0.301498127340824	23.72425093632959	0.21477697748433813	3465026739	200.0	0.10908239700374532	0.4349250936329588	0.21910112359550563	0.301498127340824	23.72425093632959	0.21477697748433813	98	COMPLETE
99	0.8614232209737828	2020-04-03 07:30:13.449640	2020-04-03 07:30:48.461333	0.4678258743222316	0.39462591182549384	0.342907827304274	64	128	0.04284985467108941	512	0.08309386988370321	0.12251128923681597	0.29868913857677903	0.8614232209737828	0.5838014981273408	0.7162921348314607	5.948970037453184	0.4810542224321466	0.29868913857677903	0.8614232209737828	0.5838014981273408	0.7162921348314607	5.948970037453184	0.4810542224321466	3116604751	300.0	0.29868913857677903	0.8614232209737828	0.5838014981273408	0.7162921348314607	5.948970037453184	0.4810542224321466	99	COMPLETE
